{
  "project_info": {
    "project_number": "",
    "firebase_url": "https://disciple-tools-app.firebaseio.com",
    "project_id": "disciple-tools-app",
    "storage_bucket": "disciple-tools-app.appspot.com"
  },
  "client": [
    {
      "client_info": {
        "mobilesdk_app_id": "",
        "android_client_info": {
          "package_name": "tools.disciple.app"
        }
      },
      "oauth_client": [
        {
          "client_id": "",
          "client_type": 3
        }
      ],
      "api_key": [
        {
          "current_key": ""
        }
      ],
      "services": {
        "appinvite_service": {
          "other_platform_oauth_client": [
            {
              "client_id": "",
              "client_type": 3
            }
          ]
        }
      }
    }
  ],
  "configuration_version": "1"
}
